month,brand,revenue,cost,profit,mm_ex_creleb,productivity_per_mm,note
3,퓨리나,475825608,475692317,133291,5.2,-4551290,"매입/수익/MM 신규 반영. MM은 원본에 월합계 행이 없어 담당자×서브라인 열을 합산해 산출(참고용); 생산성은 원본에 값이 없어 손익(크리렙제외)/MM으로 직접 계산. 매출 중복표기 의심(젤라또피케 항목 아님, 풀무원 카드와 겹침 우려는 매일유업 항목)"
3,풀무원요거트,35370423,12948373,22422050,1.3,10632346,MM은 원본에 월합계 행이 없어 담당자×서브라인 열을 합산해 산출(참고용); 생산성은 원본에 값이 없어 손익(크리렙제외)/MM으로 직접 계산
3,매일유업,17000000,13450495,3549505,0.85,-2882935,"매출 17,000,000 중복표기(풀무원 카드와 겹침) 의심 원본 이슈 유지. MM은 원본에 월합계 행이 없어 담당자×서브라인 열을 합산해 산출(참고용); 생산성은 원본에 값이 없어 손익(크리렙제외)/MM으로 직접 계산"
3,CJ문화재단,58152787,37703212,20449575,0.5,30899150,MM은 원본에 월합계 행이 없어 담당자×서브라인 열을 합산해 산출(참고용); 생산성은 원본에 값이 없어 손익(크리렙제외)/MM으로 직접 계산
4,퓨리나,240439165,117498100,122941065,4.1,22693431,매입/수익 신규 반영. MM은 원본에 월합계 행이 없어 담당자×서브라인 열을 합산해 산출(참고용); 생산성은 원본에 값이 없어 손익(크리렙제외)/MM으로 직접 계산
4,풀무원요거트,35049000,12020000,23029000,0.9,12143333,MM은 원본에 월합계 행이 없어 담당자×서브라인 열을 합산해 산출(참고용); 생산성은 원본에 값이 없어 손익(크리렙제외)/MM으로 직접 계산
4,매일유업,19400000,10700000,8700000,1.0,-200000,MM은 원본에 월합계 행이 없어 담당자×서브라인 열을 합산해 산출(참고용); 생산성은 원본에 값이 없어 손익(크리렙제외)/MM으로 직접 계산
4,CJ문화재단,6410000,540000,5870000,0.4,-1575000,MM은 원본에 월합계 행이 없어 담당자×서브라인 열을 합산해 산출(참고용); 생산성은 원본에 값이 없어 손익(크리렙제외)/MM으로 직접 계산
5,퓨리나,461787947,168180400,293607547,3.9,58501797,매입/수익/MM/생산성 모두 원본 명시값으로 신규 반영
5,풀무원요거트,33163200,12273440,20889760,0.8,11987200,매입/수익/MM/생산성 모두 원본 명시값으로 신규 반영
5,매일유업,90000000,99566700,-9566700,1.1,-20878818,매입/수익/MM/생산성 모두 원본 명시값으로 신규 반영
5,CJ문화재단,52581818,32350000,20231818,0.6,12539773,매입/수익/MM/생산성 모두 원본 명시값으로 신규 반영
6,퓨리나,297506412,44339594,253166818,3.9,50039719,이슈#8 정정: 기존엔 2607 leftover 탭의 MM(2.9)을 오채택했었음 -> 정본 2606 탭 기준 MM 3.9/매입/수익 신규 반영
6,풀무원요거트,45918767,15905650,30013117,0.9,21792352,이슈#8 정정: 기존 MM(0.8) -> 정본 2606 탭 기준 0.9. 매입/수익 신규 반영
6,매일유업,154990000,152756000,2234000,0.8,-10457500,이슈#8 정정: 기존 MM(0.9) -> 정본 2606 탭 기준 0.8. 매입/수익 신규 반영
6,CJ문화재단,11327275,6260000,5067275,0.5,1834094,이슈#8 정정: 기존 MM(0.4) -> 정본 2606 탭 기준 0.5. 매입/수익 신규 반영
7,퓨리나,217968229,132042880,85925349,2.9,12029845,2607-1(주간) 탭 기준(진짜 7월 데이터). '2607' 탭은 라벨이 6월로 남은 leftover라 배제 - 데이터품질 이슈 참고
7,풀무원요거트,31400000,17046000,14354000,0.8,6442500,
7,매일유업,45641568,31068277,14573291,0.9,3303657,
7,CJ문화재단,6632308,1639583,4992725,0.4,-1634094,소액 기준 생산성 음수(왜곡 가능)
8,퓨리나,218022019,94947900,123074119,2.5,24041457,✅ 이슈#7 해소(8월 그룹합계 공백 -> 이번 갱신에서 매출/매입/수익 채워짐)
8,풀무원요거트,56288000,24016400,32271600,1.0,20871600,✅ 이슈#7 해소
8,매일유업,46350000,28310000,18040000,1.1,4945455,✅ 이슈#7 해소
8,CJ문화재단,15226343,6484535,8741808,0.2,7927260,✅ 이슈#7 해소
8,Ayrow,50000000,0,50000000,,43125000,"신규 편입 브랜드. MM은 원본 월계행에 미기재(생산성 값만 존재, 산출근거 불명) -> mm NULL 처리"
8,PT,,,,,,"신규 편입 컬럼(원본 부서표에 'PT'로 표기, 하위 라벨은 '매일유업 엘로나...'로 8월과 9월이 서로 다름-의미 불명확). 매출/매입/수익/MM 모두 원본 공백"
9,퓨리나,225011707,176353930,48657777,1.3,11585185,
9,풀무원요거트,30788133,9414133,21374000,0.8,26717500,
9,매일유업,48239600,34150000,14089600,0.9,15655111,
9,CJ문화재단,12735518,12053700,681818,0.3,852273,
9,한화생명,0,0,0,,,신규 편입 브랜드. MM 원본 월계행 미기재(주간 데이터만 존재) -> NULL
9,Ayrow,46400000,0,46400000,,,신규 편입 브랜드. MM 원본 월계행 미기재 -> NULL
9,Qeelin,0,0,0,,,신규 편입 브랜드(1그룹의 Qeelin과 별개 항목으로 원본에 존재). MM 원본 월계행 미기재 -> NULL
9,젤라또피케,0,0,0,,,신규 편입 브랜드. MM 원본 월계행 미기재 -> NULL
9,PT,0,0,0,,,"신규 편입 컬럼(의미 불명확, 8월 항목 note 참고). 매출/매입/수익 0, MM 미기재 -> NULL"
